model_name,model_type,method,n_estimators,max_depth,n_features,platform,platform_type,timing_mode,min_ns,avg_ns,min_cycles,avg_cycles,accuracy,flash_bytes,success,error,dataset,task_type,traversal,sigmoid_variant,softmax_variant,benchmark_mode
gbt_n3_d3_inline,gbt,inline,3,3,15,renode_nrf52840,renode,dwt,111562,117292,7140,7506,0.7757575757575758,11339,True,,embedded_synth,classification,index,standard,standard,predict
gbt_n3_d3_inline,gbt,inline,3,3,15,renode_nrf52840,renode,dwt,300343,321336,19222,20565,0.7757575757575758,11339,True,,embedded_synth,classification,index,standard,standard,predict_proba
gbt_n3_d5_inline,gbt,inline,3,5,15,renode_nrf52840,renode,dwt,135843,154282,8694,9874,0.8303030303030303,33147,True,,embedded_synth,classification,index,standard,standard,predict
gbt_n3_d5_inline,gbt,inline,3,5,15,renode_nrf52840,renode,dwt,333453,360156,21341,23050,0.8303030303030303,33147,True,,embedded_synth,classification,index,standard,standard,predict_proba
gbt_n10_d3_inline,gbt,inline,10,3,15,renode_nrf52840,renode,dwt,366343,372723,23446,23854,0.8424242424242424,34432,True,,embedded_synth,classification,index,standard,standard,predict
gbt_n10_d3_inline,gbt,inline,10,3,15,renode_nrf52840,renode,dwt,555937,597369,35580,38231,0.8424242424242424,34432,True,,embedded_synth,classification,index,standard,standard,predict_proba
gbt_n10_d5_inline,gbt,inline,10,5,15,renode_nrf52840,renode,dwt,477750,525529,30576,33633,0.8484848484848485,122118,True,,embedded_synth,classification,index,standard,standard,predict
gbt_n10_d5_inline,gbt,inline,10,5,15,renode_nrf52840,renode,dwt,705250,754805,45136,48307,0.8484848484848485,122118,True,,embedded_synth,classification,index,standard,standard,predict_proba
gbt_n20_d3_inline,gbt,inline,20,3,15,renode_nrf52840,renode,dwt,730250,737144,46736,47177,0.8606060606060606,67425,True,,embedded_synth,classification,index,standard,standard,predict
gbt_n20_d3_inline,gbt,inline,20,3,15,renode_nrf52840,renode,dwt,922750,967527,59056,61921,0.8606060606060606,67425,True,,embedded_synth,classification,index,standard,standard,predict_proba
gbt_n20_d5_inline,gbt,inline,20,5,15,renode_nrf52840,renode,dwt,1002812,1063180,64180,68043,0.8727272727272727,257221,True,,embedded_synth,classification,index,standard,standard,predict
gbt_n20_d5_inline,gbt,inline,20,5,15,renode_nrf52840,renode,dwt,1242875,1296865,79544,82999,0.8727272727272727,257221,True,,embedded_synth,classification,index,standard,standard,predict_proba
gbt_n40_d3_inline,gbt,inline,40,3,15,renode_nrf52840,renode,dwt,1431968,1463097,91646,93638,0.8727272727272727,129403,True,,embedded_synth,classification,index,standard,standard,predict
gbt_n40_d3_inline,gbt,inline,40,3,15,renode_nrf52840,renode,dwt,1643906,1697691,105210,108652,0.8727272727272727,129403,True,,embedded_synth,classification,index,standard,standard,predict_proba
gbt_n40_d5_inline,gbt,inline,40,5,15,renode_nrf52840,renode,dwt,2082812,2146689,133300,137388,0.8909090909090909,517401,True,,embedded_synth,classification,index,standard,standard,predict
gbt_n40_d5_inline,gbt,inline,40,5,15,renode_nrf52840,renode,dwt,2306484,2382322,147615,152468,0.8909090909090909,517401,True,,embedded_synth,classification,index,standard,standard,predict_proba
rf_n3_d3_inline,rf,inline,3,3,15,renode_nrf52840,renode,dwt,20328,25408,1301,1626,0.5818181818181818,4056,True,,embedded_synth,classification,index,standard,standard,predict
rf_n3_d3_inline,rf,inline,3,3,15,renode_nrf52840,renode,dwt,132640,146331,8489,9365,0.5818181818181818,4056,True,,embedded_synth,classification,index,standard,standard,predict_proba
rf_n3_d5_inline,rf,inline,3,5,15,renode_nrf52840,renode,dwt,31578,41198,2021,2636,0.6484848484848484,10387,True,,embedded_synth,classification,index,standard,standard,predict
rf_n3_d5_inline,rf,inline,3,5,15,renode_nrf52840,renode,dwt,141218,160502,9038,10272,0.6484848484848484,10387,True,,embedded_synth,classification,index,standard,standard,predict_proba
rf_n10_d3_inline,rf,inline,10,3,15,renode_nrf52840,renode,dwt,80234,84998,5135,5439,0.7151515151515152,11897,True,,embedded_synth,classification,index,standard,standard,predict
rf_n10_d3_inline,rf,inline,10,3,15,renode_nrf52840,renode,dwt,220843,235958,14134,15101,0.7151515151515152,11897,True,,embedded_synth,classification,index,standard,standard,predict_proba
rf_n10_d5_inline,rf,inline,10,5,15,renode_nrf52840,renode,dwt,119281,134262,7634,8592,0.806060606060606,32733,True,,embedded_synth,classification,index,standard,standard,predict
rf_n10_d5_inline,rf,inline,10,5,15,renode_nrf52840,renode,dwt,253906,280950,16250,17980,0.806060606060606,32733,True,,embedded_synth,classification,index,standard,standard,predict_proba
rf_n20_d3_inline,rf,inline,20,3,15,renode_nrf52840,renode,dwt,163828,169999,10485,10879,0.7333333333333333,22533,True,,embedded_synth,classification,index,standard,standard,predict
rf_n20_d3_inline,rf,inline,20,3,15,renode_nrf52840,renode,dwt,334109,355363,21383,22743,0.7333333333333333,22533,True,,embedded_synth,classification,index,standard,standard,predict_proba
rf_n20_d5_inline,rf,inline,20,5,15,renode_nrf52840,renode,dwt,242328,266454,15509,17053,0.8484848484848485,66831,True,,embedded_synth,classification,index,standard,standard,predict
rf_n20_d5_inline,rf,inline,20,5,15,renode_nrf52840,renode,dwt,411875,450149,26360,28809,0.8484848484848485,66831,True,,embedded_synth,classification,index,standard,standard,predict_proba
rf_n40_d3_inline,rf,inline,40,3,15,renode_nrf52840,renode,dwt,329093,338958,21062,21693,0.8121212121212121,44317,True,,embedded_synth,classification,index,standard,standard,predict
rf_n40_d3_inline,rf,inline,40,3,15,renode_nrf52840,renode,dwt,569578,591531,36453,37858,0.8121212121212121,44317,True,,embedded_synth,classification,index,standard,standard,predict_proba
rf_n40_d5_inline,rf,inline,40,5,15,renode_nrf52840,renode,dwt,483968,532978,30974,34110,0.8787878787878788,127903,True,,embedded_synth,classification,index,standard,standard,predict
rf_n40_d5_inline,rf,inline,40,5,15,renode_nrf52840,renode,dwt,735578,787094,47077,50374,0.8787878787878788,127903,True,,embedded_synth,classification,index,standard,standard,predict_proba
gbt_n3_d3_inline,gbt,inline,3,3,60,renode_nrf52840,renode,dwt,44109,44762,2823,2864,0.7391304347826086,4467,True,,sonar,classification,index,standard,standard,predict
gbt_n3_d3_inline,gbt,inline,3,3,60,renode_nrf52840,renode,dwt,121218,129935,7758,8315,0.7391304347826086,4467,True,,sonar,classification,index,standard,standard,predict_proba
gbt_n3_d5_inline,gbt,inline,3,5,60,renode_nrf52840,renode,dwt,44015,56002,2817,3584,0.7681159420289855,7391,True,,sonar,classification,index,standard,standard,predict
gbt_n3_d5_inline,gbt,inline,3,5,60,renode_nrf52840,renode,dwt,121781,143443,7794,9180,0.7681159420289855,7391,True,,sonar,classification,index,standard,standard,predict_proba
gbt_n10_d3_inline,gbt,inline,10,3,60,renode_nrf52840,renode,dwt,127968,129239,8190,8271,0.7391304347826086,12266,True,,sonar,classification,index,standard,standard,predict
gbt_n10_d3_inline,gbt,inline,10,3,60,renode_nrf52840,renode,dwt,205343,223800,13142,14323,0.7391304347826086,12266,True,,sonar,classification,index,standard,standard,predict_proba
gbt_n10_d5_inline,gbt,inline,10,5,60,renode_nrf52840,renode,dwt,127859,167702,8183,10733,0.782608695652174,22022,True,,sonar,classification,index,standard,standard,predict
gbt_n10_d5_inline,gbt,inline,10,5,60,renode_nrf52840,renode,dwt,221062,267351,14148,17110,0.782608695652174,22022,True,,sonar,classification,index,standard,standard,predict_proba
gbt_n20_d3_inline,gbt,inline,20,3,60,renode_nrf52840,renode,dwt,247468,250695,15838,16044,0.7246376811594203,23433,True,,sonar,classification,index,standard,standard,predict
gbt_n20_d3_inline,gbt,inline,20,3,60,renode_nrf52840,renode,dwt,325359,349398,20823,22361,0.7246376811594203,23433,True,,sonar,classification,index,standard,standard,predict_proba
gbt_n20_d5_inline,gbt,inline,20,5,60,renode_nrf52840,renode,dwt,247734,328093,15855,20998,0.7971014492753623,42944,True,,sonar,classification,index,standard,standard,predict
gbt_n20_d5_inline,gbt,inline,20,5,60,renode_nrf52840,renode,dwt,344234,429652,22031,27497,0.7971014492753623,42944,True,,sonar,classification,index,standard,standard,predict_proba
gbt_n40_d3_inline,gbt,inline,40,3,60,renode_nrf52840,renode,dwt,486734,492624,31151,31528,0.7536231884057971,45625,True,,sonar,classification,index,standard,standard,predict
gbt_n40_d3_inline,gbt,inline,40,3,60,renode_nrf52840,renode,dwt,568375,593301,36376,37971,0.7536231884057971,45625,True,,sonar,classification,index,standard,standard,predict_proba
gbt_n40_d5_inline,gbt,inline,40,5,60,renode_nrf52840,renode,dwt,487109,647952,31175,41469,0.7971014492753623,84785,True,,sonar,classification,index,standard,standard,predict
gbt_n40_d5_inline,gbt,inline,40,5,60,renode_nrf52840,renode,dwt,590640,751195,37801,48076,0.7971014492753623,84785,True,,sonar,classification,index,standard,standard,predict_proba
rf_n3_d3_inline,rf,inline,3,3,60,renode_nrf52840,renode,dwt,19484,25321,1247,1620,0.5652173913043478,3676,True,,sonar,classification,index,standard,standard,predict
rf_n3_d3_inline,rf,inline,3,3,60,renode_nrf52840,renode,dwt,129656,143836,8298,9205,0.5652173913043478,3676,True,,sonar,classification,index,standard,standard,predict_proba
rf_n3_d5_inline,rf,inline,3,5,60,renode_nrf52840,renode,dwt,22468,38909,1438,2490,0.6666666666666666,7262,True,,sonar,classification,index,standard,standard,predict
rf_n3_d5_inline,rf,inline,3,5,60,renode_nrf52840,renode,dwt,132718,156805,8494,10035,0.6666666666666666,7262,True,,sonar,classification,index,standard,standard,predict_proba
rf_n10_d3_inline,rf,inline,10,3,60,renode_nrf52840,renode,dwt,70718,84924,4526,5435,0.6811594202898551,10857,True,,sonar,classification,index,standard,standard,predict
rf_n10_d3_inline,rf,inline,10,3,60,renode_nrf52840,renode,dwt,205796,229602,13171,14694,0.6811594202898551,10857,True,,sonar,classification,index,standard,standard,predict_proba
rf_n10_d5_inline,rf,inline,10,5,60,renode_nrf52840,renode,dwt,93171,119238,5963,7631,0.7971014492753623,21714,True,,sonar,classification,index,standard,standard,predict
rf_n10_d5_inline,rf,inline,10,5,60,renode_nrf52840,renode,dwt,236171,263978,15115,16894,0.7971014492753623,21714,True,,sonar,classification,index,standard,standard,predict_proba
rf_n20_d3_inline,rf,inline,20,3,60,renode_nrf52840,renode,dwt,154015,168931,9857,10811,0.7391304347826086,21621,True,,sonar,classification,index,standard,standard,predict
rf_n20_d3_inline,rf,inline,20,3,60,renode_nrf52840,renode,dwt,336953,350102,21565,22406,0.7391304347826086,21621,True,,sonar,classification,index,standard,standard,predict_proba
rf_n20_d5_inline,rf,inline,20,5,60,renode_nrf52840,renode,dwt,207125,237927,13256,15227,0.8115942028985508,42612,True,,sonar,classification,index,standard,standard,predict
rf_n20_d5_inline,rf,inline,20,5,60,renode_nrf52840,renode,dwt,385953,418192,24701,26764,0.8115942028985508,42612,True,,sonar,classification,index,standard,standard,predict_proba
rf_n40_d3_inline,rf,inline,40,3,60,renode_nrf52840,renode,dwt,320578,332639,20517,21288,0.7681159420289855,42109,True,,sonar,classification,index,standard,standard,predict
rf_n40_d3_inline,rf,inline,40,3,60,renode_nrf52840,renode,dwt,558484,582680,35743,37291,0.7681159420289855,42109,True,,sonar,classification,index,standard,standard,predict_proba
rf_n40_d5_inline,rf,inline,40,5,60,renode_nrf52840,renode,dwt,399046,471416,25539,30170,0.8260869565217391,82508,True,,sonar,classification,index,standard,standard,predict
rf_n40_d5_inline,rf,inline,40,5,60,renode_nrf52840,renode,dwt,651421,721884,41691,46200,0.8260869565217391,82508,True,,sonar,classification,index,standard,standard,predict_proba
gbt_n3_d3_inline,gbt,inline,3,3,13,renode_nrf52840,renode,dwt,100296,106470,6419,6814,0.8813559322033898,10665,True,,wine,classification,index,standard,standard,predict
gbt_n3_d3_inline,gbt,inline,3,3,13,renode_nrf52840,renode,dwt,289515,317810,18529,20339,0.8813559322033898,10665,True,,wine,classification,index,standard,standard,predict_proba
gbt_n3_d5_inline,gbt,inline,3,5,13,renode_nrf52840,renode,dwt,103437,112440,6620,7196,0.8813559322033898,13564,True,,wine,classification,index,standard,standard,predict
gbt_n3_d5_inline,gbt,inline,3,5,13,renode_nrf52840,renode,dwt,303828,323764,19445,20720,0.8813559322033898,13564,True,,wine,classification,index,standard,standard,predict_proba
gbt_n10_d3_inline,gbt,inline,10,3,13,renode_nrf52840,renode,dwt,352093,362207,22534,23181,0.9152542372881356,32830,True,,wine,classification,index,standard,standard,predict
gbt_n10_d3_inline,gbt,inline,10,3,13,renode_nrf52840,renode,dwt,546046,597959,34947,38269,0.9152542372881356,32830,True,,wine,classification,index,standard,standard,predict_proba
gbt_n10_d5_inline,gbt,inline,10,5,13,renode_nrf52840,renode,dwt,353656,387943,22634,24828,0.9322033898305084,41587,True,,wine,classification,index,standard,standard,predict
gbt_n10_d5_inline,gbt,inline,10,5,13,renode_nrf52840,renode,dwt,575078,621733,36805,39790,0.9322033898305084,41587,True,,wine,classification,index,standard,standard,predict_proba
gbt_n20_d3_inline,gbt,inline,20,3,13,renode_nrf52840,renode,dwt,710296,725116,45459,46407,0.9152542372881356,64346,True,,wine,classification,index,standard,standard,predict
gbt_n20_d3_inline,gbt,inline,20,3,13,renode_nrf52840,renode,dwt,909031,961512,58178,61536,0.9152542372881356,64346,True,,wine,classification,index,standard,standard,predict_proba
gbt_n20_d5_inline,gbt,inline,20,5,13,renode_nrf52840,renode,dwt,707968,776688,45310,49708,0.9322033898305084,81148,True,,wine,classification,index,standard,standard,predict
gbt_n20_d5_inline,gbt,inline,20,5,13,renode_nrf52840,renode,dwt,936000,1012682,59904,64811,0.9322033898305084,81148,True,,wine,classification,index,standard,standard,predict_proba
gbt_n40_d3_inline,gbt,inline,40,3,13,renode_nrf52840,renode,dwt,1434484,1449178,91807,92747,0.9152542372881356,126616,True,,wine,classification,index,standard,standard,predict
gbt_n40_d3_inline,gbt,inline,40,3,13,renode_nrf52840,renode,dwt,1632546,1686610,104483,107943,0.9152542372881356,126616,True,,wine,classification,index,standard,standard,predict_proba
gbt_n40_d5_inline,gbt,inline,40,5,13,renode_nrf52840,renode,dwt,1418687,1555274,90796,99537,0.9322033898305084,160330,True,,wine,classification,index,standard,standard,predict
gbt_n40_d5_inline,gbt,inline,40,5,13,renode_nrf52840,renode,dwt,1656578,1792368,106021,114711,0.9322033898305084,160330,True,,wine,classification,index,standard,standard,predict_proba
rf_n3_d3_inline,rf,inline,3,3,13,renode_nrf52840,renode,dwt,20625,25916,1320,1658,0.8983050847457628,3788,True,,wine,classification,index,standard,standard,predict
rf_n3_d3_inline,rf,inline,3,3,13,renode_nrf52840,renode,dwt,133046,140606,8515,8998,0.8983050847457628,3788,True,,wine,classification,index,standard,standard,predict_proba
rf_n3_d5_inline,rf,inline,3,5,13,renode_nrf52840,renode,dwt,20656,30074,1322,1924,0.8983050847457628,4535,True,,wine,classification,index,standard,standard,predict
rf_n3_d5_inline,rf,inline,3,5,13,renode_nrf52840,renode,dwt,133046,144176,8515,9227,0.8983050847457628,4535,True,,wine,classification,index,standard,standard,predict_proba
rf_n10_d3_inline,rf,inline,10,3,13,renode_nrf52840,renode,dwt,74437,82429,4764,5275,1.0,10323,True,,wine,classification,index,standard,standard,predict
rf_n10_d3_inline,rf,inline,10,3,13,renode_nrf52840,renode,dwt,209125,223946,13384,14332,1.0,10323,True,,wine,classification,index,standard,standard,predict_proba
rf_n10_d5_inline,rf,inline,10,5,13,renode_nrf52840,renode,dwt,85703,98117,5485,6279,0.9830508474576272,14072,True,,wine,classification,index,standard,standard,predict
rf_n10_d5_inline,rf,inline,10,5,13,renode_nrf52840,renode,dwt,220281,239709,14098,15341,0.9830508474576272,14072,True,,wine,classification,index,standard,standard,predict_proba
rf_n20_d3_inline,rf,inline,20,3,13,renode_nrf52840,renode,dwt,147093,162315,9414,10388,1.0,19653,True,,wine,classification,index,standard,standard,predict
rf_n20_d3_inline,rf,inline,20,3,13,renode_nrf52840,renode,dwt,316250,341180,20240,21835,1.0,19653,True,,wine,classification,index,standard,standard,predict_proba
rf_n20_d5_inline,rf,inline,20,5,13,renode_nrf52840,renode,dwt,172250,196057,11024,12547,1.0,27849,True,,wine,classification,index,standard,standard,predict
rf_n20_d5_inline,rf,inline,20,5,13,renode_nrf52840,renode,dwt,341718,374081,21870,23941,1.0,27849,True,,wine,classification,index,standard,standard,predict_proba
rf_n40_d3_inline,rf,inline,40,3,13,renode_nrf52840,renode,dwt,291453,321352,18653,20566,1.0,38030,True,,wine,classification,index,standard,standard,predict
rf_n40_d3_inline,rf,inline,40,3,13,renode_nrf52840,renode,dwt,529765,572552,33905,36643,1.0,38030,True,,wine,classification,index,standard,standard,predict_proba
rf_n40_d5_inline,rf,inline,40,5,13,renode_nrf52840,renode,dwt,327890,384088,20985,24581,1.0,54257,True,,wine,classification,index,standard,standard,predict
rf_n40_d5_inline,rf,inline,40,5,13,renode_nrf52840,renode,dwt,565234,635294,36175,40658,1.0,54257,True,,wine,classification,index,standard,standard,predict_proba
gbt_n3_d3_inline,gbt,inline,3,3,4,renode_nrf52840,renode,dwt,81203,99388,5197,6360,1.0,8453,True,,iris,classification,index,standard,standard,predict
gbt_n3_d3_inline,gbt,inline,3,3,4,renode_nrf52840,renode,dwt,291453,310316,18653,19860,1.0,8453,True,,iris,classification,index,standard,standard,predict_proba
gbt_n3_d5_inline,gbt,inline,3,5,4,renode_nrf52840,renode,dwt,83968,112729,5374,7214,1.0,13878,True,,iris,classification,index,standard,standard,predict
gbt_n3_d5_inline,gbt,inline,3,5,4,renode_nrf52840,renode,dwt,294203,323446,18829,20700,1.0,13878,True,,iris,classification,index,standard,standard,predict_proba
gbt_n10_d3_inline,gbt,inline,10,3,4,renode_nrf52840,renode,dwt,260687,326687,16684,20908,1.0,25779,True,,iris,classification,index,standard,standard,predict
gbt_n10_d3_inline,gbt,inline,10,3,4,renode_nrf52840,renode,dwt,498812,565123,31924,36167,1.0,25779,True,,iris,classification,index,standard,standard,predict_proba
gbt_n10_d5_inline,gbt,inline,10,5,4,renode_nrf52840,renode,dwt,302437,406201,19356,25996,0.98,50463,True,,iris,classification,index,standard,standard,predict
gbt_n10_d5_inline,gbt,inline,10,5,4,renode_nrf52840,renode,dwt,540500,644634,34592,41256,0.98,50463,True,,iris,classification,index,standard,standard,predict_proba
gbt_n20_d3_inline,gbt,inline,20,3,4,renode_nrf52840,renode,dwt,523921,652550,33531,41763,1.0,50487,True,,iris,classification,index,standard,standard,predict
gbt_n20_d3_inline,gbt,inline,20,3,4,renode_nrf52840,renode,dwt,761796,890815,48755,57012,1.0,50487,True,,iris,classification,index,standard,standard,predict_proba
gbt_n20_d5_inline,gbt,inline,20,5,4,renode_nrf52840,renode,dwt,612046,824910,39171,52794,0.98,108673,True,,iris,classification,index,standard,standard,predict
gbt_n20_d5_inline,gbt,inline,20,5,4,renode_nrf52840,renode,dwt,849937,1063341,54396,68053,0.98,108673,True,,iris,classification,index,standard,standard,predict_proba
gbt_n40_d3_inline,gbt,inline,40,3,4,renode_nrf52840,renode,dwt,1108906,1324273,70970,84753,0.98,102203,True,,iris,classification,index,standard,standard,predict
gbt_n40_d3_inline,gbt,inline,40,3,4,renode_nrf52840,renode,dwt,1346125,1562353,86152,99990,0.98,102203,True,,iris,classification,index,standard,standard,predict_proba
gbt_n40_d5_inline,gbt,inline,40,5,4,renode_nrf52840,renode,dwt,1233437,1660998,78940,106303,0.98,227731,True,,iris,classification,index,standard,standard,predict
gbt_n40_d5_inline,gbt,inline,40,5,4,renode_nrf52840,renode,dwt,1471437,1899676,94172,121579,0.98,227731,True,,iris,classification,index,standard,standard,predict_proba
rf_n3_d3_inline,rf,inline,3,3,4,renode_nrf52840,renode,dwt,11562,18327,740,1172,0.96,2905,True,,iris,classification,index,standard,standard,predict
rf_n3_d3_inline,rf,inline,3,3,4,renode_nrf52840,renode,dwt,121187,129294,7756,8274,0.96,2905,True,,iris,classification,index,standard,standard,predict_proba
rf_n3_d5_inline,rf,inline,3,5,4,renode_nrf52840,renode,dwt,12093,20843,774,1333,1.0,3365,True,,iris,classification,index,standard,standard,predict
rf_n3_d5_inline,rf,inline,3,5,4,renode_nrf52840,renode,dwt,121578,131427,7781,8411,1.0,3365,True,,iris,classification,index,standard,standard,predict_proba
rf_n10_d3_inline,rf,inline,10,3,4,renode_nrf52840,renode,dwt,40359,57228,2583,3662,1.0,8664,True,,iris,classification,index,standard,standard,predict
rf_n10_d3_inline,rf,inline,10,3,4,renode_nrf52840,renode,dwt,178031,200748,11394,12847,1.0,8664,True,,iris,classification,index,standard,standard,predict_proba
rf_n10_d5_inline,rf,inline,10,5,4,renode_nrf52840,renode,dwt,45265,77516,2897,4961,1.0,12064,True,,iris,classification,index,standard,standard,predict
rf_n10_d5_inline,rf,inline,10,5,4,renode_nrf52840,renode,dwt,179796,215964,11507,13821,1.0,12064,True,,iris,classification,index,standard,standard,predict_proba
rf_n20_d3_inline,rf,inline,20,3,4,renode_nrf52840,renode,dwt,78375,113999,5016,7296,1.0,16202,True,,iris,classification,index,standard,standard,predict
rf_n20_d3_inline,rf,inline,20,3,4,renode_nrf52840,renode,dwt,250718,295222,16046,18894,1.0,16202,True,,iris,classification,index,standard,standard,predict_proba
rf_n20_d5_inline,rf,inline,20,5,4,renode_nrf52840,renode,dwt,86390,155764,5529,9968,0.98,24218,True,,iris,classification,index,standard,standard,predict
rf_n20_d5_inline,rf,inline,20,5,4,renode_nrf52840,renode,dwt,255781,329344,16370,21078,0.98,24218,True,,iris,classification,index,standard,standard,predict_proba
rf_n40_d3_inline,rf,inline,40,3,4,renode_nrf52840,renode,dwt,159562,233178,10212,14923,1.0,31278,True,,iris,classification,index,standard,standard,predict
rf_n40_d3_inline,rf,inline,40,3,4,renode_nrf52840,renode,dwt,400937,482857,25660,30902,1.0,31278,True,,iris,classification,index,standard,standard,predict_proba
rf_n40_d5_inline,rf,inline,40,5,4,renode_nrf52840,renode,dwt,172546,308600,11043,19750,0.98,46998,True,,iris,classification,index,standard,standard,predict
rf_n40_d5_inline,rf,inline,40,5,4,renode_nrf52840,renode,dwt,411500,552427,26336,35355,0.98,46998,True,,iris,classification,index,standard,standard,predict_proba
gbt_n3_d3_inline,gbt,inline,3,3,30,renode_nrf52840,renode,dwt,44093,44769,2822,2865,0.9414893617021277,4479,True,,breast_cancer,classification,index,standard,standard,predict
gbt_n3_d3_inline,gbt,inline,3,3,30,renode_nrf52840,renode,dwt,121546,130197,7779,8332,0.9414893617021277,4479,True,,breast_cancer,classification,index,standard,standard,predict_proba
gbt_n3_d5_inline,gbt,inline,3,5,30,renode_nrf52840,renode,dwt,50328,60496,3221,3871,0.9468085106382979,8516,True,,breast_cancer,classification,index,standard,standard,predict
gbt_n3_d5_inline,gbt,inline,3,5,30,renode_nrf52840,renode,dwt,130171,145705,8331,9325,0.9468085106382979,8516,True,,breast_cancer,classification,index,standard,standard,predict_proba
gbt_n10_d3_inline,gbt,inline,10,3,30,renode_nrf52840,renode,dwt,128265,128996,8209,8255,0.9521276595744681,12313,True,,breast_cancer,classification,index,standard,standard,predict
gbt_n10_d3_inline,gbt,inline,10,3,30,renode_nrf52840,renode,dwt,207421,231278,13275,14801,0.9521276595744681,12313,True,,breast_cancer,classification,index,standard,standard,predict_proba
gbt_n10_d5_inline,gbt,inline,10,5,30,renode_nrf52840,renode,dwt,153015,181763,9793,11632,0.9627659574468085,26514,True,,breast_cancer,classification,index,standard,standard,predict
gbt_n10_d5_inline,gbt,inline,10,5,30,renode_nrf52840,renode,dwt,236406,284195,15130,18188,0.9627659574468085,26514,True,,breast_cancer,classification,index,standard,standard,predict_proba
gbt_n20_d3_inline,gbt,inline,20,3,30,renode_nrf52840,renode,dwt,248250,249409,15888,15962,0.9627659574468085,23523,True,,breast_cancer,classification,index,standard,standard,predict
gbt_n20_d3_inline,gbt,inline,20,3,30,renode_nrf52840,renode,dwt,328484,352924,21023,22587,0.9627659574468085,23523,True,,breast_cancer,classification,index,standard,standard,predict_proba
gbt_n20_d5_inline,gbt,inline,20,5,30,renode_nrf52840,renode,dwt,300234,354323,19215,22676,0.9574468085106383,56669,True,,breast_cancer,classification,index,standard,standard,predict
gbt_n20_d5_inline,gbt,inline,20,5,30,renode_nrf52840,renode,dwt,391609,456791,25063,29234,0.9574468085106383,56669,True,,breast_cancer,classification,index,standard,standard,predict_proba
gbt_n40_d3_inline,gbt,inline,40,3,30,renode_nrf52840,renode,dwt,487375,491539,31192,31458,0.9468085106382979,45799,True,,breast_cancer,classification,index,standard,standard,predict
gbt_n40_d3_inline,gbt,inline,40,3,30,renode_nrf52840,renode,dwt,582796,595370,37299,38103,0.9468085106382979,45799,True,,breast_cancer,classification,index,standard,standard,predict_proba
gbt_n40_d5_inline,gbt,inline,40,5,30,renode_nrf52840,renode,dwt,603656,701445,38634,44892,0.9574468085106383,123397,True,,breast_cancer,classification,index,standard,standard,predict
gbt_n40_d5_inline,gbt,inline,40,5,30,renode_nrf52840,renode,dwt,707187,805016,45260,51521,0.9574468085106383,123397,True,,breast_cancer,classification,index,standard,standard,predict_proba
rf_n3_d3_inline,rf,inline,3,3,30,renode_nrf52840,renode,dwt,19687,23981,1260,1534,0.925531914893617,3939,True,,breast_cancer,classification,index,standard,standard,predict
rf_n3_d3_inline,rf,inline,3,3,30,renode_nrf52840,renode,dwt,129812,135829,8308,8693,0.925531914893617,3939,True,,breast_cancer,classification,index,standard,standard,predict_proba
rf_n3_d5_inline,rf,inline,3,5,30,renode_nrf52840,renode,dwt,28140,33702,1801,2156,0.9095744680851063,6736,True,,breast_cancer,classification,index,standard,standard,predict
rf_n3_d5_inline,rf,inline,3,5,30,renode_nrf52840,renode,dwt,138328,146390,8853,9368,0.9095744680851063,6736,True,,breast_cancer,classification,index,standard,standard,predict_proba
rf_n10_d3_inline,rf,inline,10,3,30,renode_nrf52840,renode,dwt,68218,75815,4366,4852,0.9202127659574468,11670,True,,breast_cancer,classification,index,standard,standard,predict
rf_n10_d3_inline,rf,inline,10,3,30,renode_nrf52840,renode,dwt,203234,214387,13007,13720,0.9202127659574468,11670,True,,breast_cancer,classification,index,standard,standard,predict_proba
rf_n10_d5_inline,rf,inline,10,5,30,renode_nrf52840,renode,dwt,98484,111347,6303,7126,0.9414893617021277,22147,True,,breast_cancer,classification,index,standard,standard,predict
rf_n10_d5_inline,rf,inline,10,5,30,renode_nrf52840,renode,dwt,236171,251240,15115,16079,0.9414893617021277,22147,True,,breast_cancer,classification,index,standard,standard,predict_proba
rf_n20_d3_inline,rf,inline,20,3,30,renode_nrf52840,renode,dwt,146109,151931,9351,9723,0.9361702127659575,22196,True,,breast_cancer,classification,index,standard,standard,predict
rf_n20_d3_inline,rf,inline,20,3,30,renode_nrf52840,renode,dwt,315828,325666,20213,20842,0.9361702127659575,22196,True,,breast_cancer,classification,index,standard,standard,predict_proba
rf_n20_d5_inline,rf,inline,20,5,30,renode_nrf52840,renode,dwt,198062,228108,12676,14598,0.9521276595744681,42102,True,,breast_cancer,classification,index,standard,standard,predict
rf_n20_d5_inline,rf,inline,20,5,30,renode_nrf52840,renode,dwt,368125,404324,23560,25876,0.9521276595744681,42102,True,,breast_cancer,classification,index,standard,standard,predict_proba
rf_n40_d3_inline,rf,inline,40,3,30,renode_nrf52840,renode,dwt,296062,303689,18948,19436,0.9414893617021277,42736,True,,breast_cancer,classification,index,standard,standard,predict
rf_n40_d3_inline,rf,inline,40,3,30,renode_nrf52840,renode,dwt,535453,547822,34269,35060,0.9414893617021277,42736,True,,breast_cancer,classification,index,standard,standard,predict_proba
rf_n40_d5_inline,rf,inline,40,5,30,renode_nrf52840,renode,dwt,376015,446480,24065,28574,0.9521276595744681,82376,True,,breast_cancer,classification,index,standard,standard,predict
rf_n40_d5_inline,rf,inline,40,5,30,renode_nrf52840,renode,dwt,618093,692738,39558,44335,0.9521276595744681,82376,True,,breast_cancer,classification,index,standard,standard,predict_proba
gbt_n3_d3_inline,gbt,inline,3,3,64,renode_nrf52840,renode,dwt,375890,386860,24057,24759,0.8552188552188552,34997,True,,digits,classification,index,standard,standard,predict
gbt_n3_d3_inline,gbt,inline,3,3,64,renode_nrf52840,renode,dwt,1161718,1351604,74350,86502,0.8552188552188552,34997,True,,digits,classification,index,standard,standard,predict_proba
gbt_n3_d5_inline,gbt,inline,3,5,64,renode_nrf52840,renode,dwt,502171,520791,32139,33330,0.8787878787878788,123189,True,,digits,classification,index,standard,standard,predict
gbt_n3_d5_inline,gbt,inline,3,5,64,renode_nrf52840,renode,dwt,1263234,1486811,80847,95155,0.8787878787878788,123189,True,,digits,classification,index,standard,standard,predict_proba
gbt_n10_d3_inline,gbt,inline,10,3,64,renode_nrf52840,renode,dwt,1223515,1239885,78305,79352,0.9006734006734006,112201,True,,digits,classification,index,standard,standard,predict
gbt_n10_d3_inline,gbt,inline,10,3,64,renode_nrf52840,renode,dwt,2105046,2220215,134723,142093,0.9006734006734006,112201,True,,digits,classification,index,standard,standard,predict_proba
gbt_n10_d5_inline,gbt,inline,10,5,64,renode_nrf52840,renode,dwt,1768000,1802423,113152,115355,0.9023569023569024,443817,True,,digits,classification,index,standard,standard,predict
gbt_n10_d5_inline,gbt,inline,10,5,64,renode_nrf52840,renode,dwt,2555359,2776179,163543,177675,0.9023569023569024,443817,True,,digits,classification,index,standard,standard,predict_proba
gbt_n20_d3_inline,gbt,inline,20,3,64,renode_nrf52840,renode,dwt,2476015,2491913,158465,159482,0.9292929292929293,222753,True,,digits,classification,index,standard,standard,predict
gbt_n20_d3_inline,gbt,inline,20,3,64,renode_nrf52840,renode,dwt,3409109,3476112,218183,222471,0.9292929292929293,222753,True,,digits,classification,index,standard,standard,predict_proba
gbt_n20_d5_inline,gbt,inline,20,5,64,renode_nrf52840,renode,dwt,3566218,3615716,228238,231405,0.9208754208754208,905752,True,,digits,classification,index,standard,standard,predict
gbt_n20_d5_inline,gbt,inline,20,5,64,renode_nrf52840,renode,dwt,4446906,4592612,284602,293927,0.9208754208754208,905752,True,,digits,classification,index,standard,standard,predict_proba
gbt_n40_d3_inline,gbt,inline,40,3,64,renode_nrf52840,renode,dwt,4954156,4978104,317066,318598,0.9545454545454546,441120,True,,digits,classification,index,standard,standard,predict
rf_n3_d3_inline,rf,inline,3,3,64,renode_nrf52840,renode,dwt,46250,46483,2960,2974,0.4494949494949495,4335,True,,digits,classification,index,standard,standard,predict
rf_n3_d3_inline,rf,inline,3,3,64,renode_nrf52840,renode,dwt,138609,152958,8871,9789,0.4494949494949495,4335,True,,digits,classification,index,standard,standard,predict_proba
rf_n3_d5_inline,rf,inline,3,5,64,renode_nrf52840,renode,dwt,60296,62564,3859,4004,0.7727272727272727,15346,True,,digits,classification,index,standard,standard,predict
rf_n3_d5_inline,rf,inline,3,5,64,renode_nrf52840,renode,dwt,152656,167413,9770,10714,0.7727272727272727,15346,True,,digits,classification,index,standard,standard,predict_proba
rf_n10_d3_inline,rf,inline,10,3,64,renode_nrf52840,renode,dwt,108875,109469,6968,7006,0.6582491582491582,12325,True,,digits,classification,index,standard,standard,predict
rf_n10_d3_inline,rf,inline,10,3,64,renode_nrf52840,renode,dwt,227000,253338,14528,16213,0.6582491582491582,12325,True,,digits,classification,index,standard,standard,predict_proba
rf_n10_d5_inline,rf,inline,10,5,64,renode_nrf52840,renode,dwt,153453,161871,9821,10359,0.8888888888888888,47889,True,,digits,classification,index,standard,standard,predict
rf_n10_d5_inline,rf,inline,10,5,64,renode_nrf52840,renode,dwt,273453,299748,17501,19183,0.8888888888888888,47889,True,,digits,classification,index,standard,standard,predict_proba
rf_n20_d3_inline,rf,inline,20,3,64,renode_nrf52840,renode,dwt,196406,199707,12570,12781,0.7609427609427609,23767,True,,digits,classification,index,standard,standard,predict
rf_n20_d3_inline,rf,inline,20,3,64,renode_nrf52840,renode,dwt,351953,384086,22525,24581,0.7609427609427609,23767,True,,digits,classification,index,standard,standard,predict_proba
rf_n20_d5_inline,rf,inline,20,5,64,renode_nrf52840,renode,dwt,293515,303335,18785,19413,0.9158249158249159,92588,True,,digits,classification,index,standard,standard,predict
rf_n20_d5_inline,rf,inline,20,5,64,renode_nrf52840,renode,dwt,450421,483024,28827,30913,0.9158249158249159,92588,True,,digits,classification,index,standard,standard,predict_proba
rf_n40_d3_inline,rf,inline,40,3,64,renode_nrf52840,renode,dwt,373000,379723,23872,24302,0.7845117845117845,46654,True,,digits,classification,index,standard,standard,predict
rf_n40_d3_inline,rf,inline,40,3,64,renode_nrf52840,renode,dwt,611718,640519,39150,40993,0.7845117845117845,46654,True,,digits,classification,index,standard,standard,predict_proba
rf_n40_d5_inline,rf,inline,40,5,64,renode_nrf52840,renode,dwt,574843,592328,36790,37909,0.9276094276094277,182907,True,,digits,classification,index,standard,standard,predict
rf_n40_d5_inline,rf,inline,40,5,64,renode_nrf52840,renode,dwt,812843,847082,52022,54213,0.9276094276094277,182907,True,,digits,classification,index,standard,standard,predict_proba
gbt_n3_d3_inline,gbt,inline,3,3,5,renode_nrf52840,renode,dwt,41125,42039,2632,2690,0.3126509189605713,3599,True,,additive_synth,regression,index,standard,standard,predict
gbt_n3_d5_inline,gbt,inline,3,5,5,renode_nrf52840,renode,dwt,57687,58220,3692,3726,0.3942992687225342,15654,True,,additive_synth,regression,index,standard,standard,predict
gbt_n10_d3_inline,gbt,inline,10,3,5,renode_nrf52840,renode,dwt,125015,127091,8001,8133,0.6689803600311279,11380,True,,additive_synth,regression,index,standard,standard,predict
gbt_n10_d5_inline,gbt,inline,10,5,5,renode_nrf52840,renode,dwt,179593,181927,11494,11643,0.7919366955757141,51578,True,,additive_synth,regression,index,standard,standard,predict
gbt_n20_d3_inline,gbt,inline,20,3,5,renode_nrf52840,renode,dwt,244343,248767,15638,15921,0.8621905446052551,22508,True,,additive_synth,regression,index,standard,standard,predict
gbt_n20_d5_inline,gbt,inline,20,5,5,renode_nrf52840,renode,dwt,353578,356997,22629,22847,0.9315152764320374,102755,True,,additive_synth,regression,index,standard,standard,predict
gbt_n40_d3_inline,gbt,inline,40,3,5,renode_nrf52840,renode,dwt,482156,490476,30858,31390,0.9606705904006958,44783,True,,additive_synth,regression,index,standard,standard,predict
gbt_n40_d5_inline,gbt,inline,40,5,5,renode_nrf52840,renode,dwt,698640,708793,44713,45362,0.9727068543434143,203217,True,,additive_synth,regression,index,standard,standard,predict
rf_n3_d3_inline,rf,inline,3,3,5,renode_nrf52840,renode,dwt,43875,46281,2808,2962,0.7010561227798462,4018,True,,additive_synth,regression,index,standard,standard,predict
rf_n3_d5_inline,rf,inline,3,5,5,renode_nrf52840,renode,dwt,58578,62389,3749,3992,0.8749305605888367,17334,True,,additive_synth,regression,index,standard,standard,predict
rf_n10_d3_inline,rf,inline,10,3,5,renode_nrf52840,renode,dwt,128468,131024,8222,8385,0.7848563194274902,12748,True,,additive_synth,regression,index,standard,standard,predict
rf_n10_d5_inline,rf,inline,10,5,5,renode_nrf52840,renode,dwt,182296,185329,11667,11861,0.9104438424110413,56696,True,,additive_synth,regression,index,standard,standard,predict
rf_n20_d3_inline,rf,inline,20,3,5,renode_nrf52840,renode,dwt,248156,252656,15882,16170,0.7712987661361694,25247,True,,additive_synth,regression,index,standard,standard,predict
rf_n20_d5_inline,rf,inline,20,5,5,renode_nrf52840,renode,dwt,356203,360797,22797,23091,0.9067148566246033,113402,True,,additive_synth,regression,index,standard,standard,predict
rf_n40_d3_inline,rf,inline,40,3,5,renode_nrf52840,renode,dwt,486578,493689,31141,31596,0.7709605693817139,50237,True,,additive_synth,regression,index,standard,standard,predict
rf_n40_d5_inline,rf,inline,40,5,5,renode_nrf52840,renode,dwt,702031,711606,44930,45542,0.9090401530265808,225163,True,,additive_synth,regression,index,standard,standard,predict
gbt_n3_d3_inline,gbt,inline,3,3,8,renode_nrf52840,renode,dwt,41140,41952,2633,2684,0.2437036633491516,3594,True,,california,regression,index,standard,standard,predict
gbt_n3_d5_inline,gbt,inline,3,5,8,renode_nrf52840,renode,dwt,42046,58002,2691,3712,0.28782784938812256,14138,True,,california,regression,index,standard,standard,predict
gbt_n10_d3_inline,gbt,inline,10,3,8,renode_nrf52840,renode,dwt,124703,126929,7981,8123,0.4986085295677185,11371,True,,california,regression,index,standard,standard,predict
gbt_n10_d5_inline,gbt,inline,10,5,8,renode_nrf52840,renode,dwt,147796,181736,9459,11631,0.5798346996307373,48790,True,,california,regression,index,standard,standard,predict
gbt_n20_d3_inline,gbt,inline,20,3,8,renode_nrf52840,renode,dwt,244156,248439,15626,15900,0.6262220144271851,22545,True,,california,regression,index,standard,standard,predict
gbt_n20_d5_inline,gbt,inline,20,5,8,renode_nrf52840,renode,dwt,322062,357112,20612,22855,0.7027050256729126,98129,True,,california,regression,index,standard,standard,predict
gbt_n40_d3_inline,gbt,inline,40,3,8,renode_nrf52840,renode,dwt,483046,490104,30915,31366,0.7228105664253235,44931,True,,california,regression,index,standard,standard,predict
gbt_n40_d5_inline,gbt,inline,40,5,8,renode_nrf52840,renode,dwt,669312,707406,42836,45274,0.7532792687416077,188506,True,,california,regression,index,standard,standard,predict
rf_n3_d3_inline,rf,inline,3,3,8,renode_nrf52840,renode,dwt,43484,46450,2783,2972,0.5396268367767334,3969,True,,california,regression,index,standard,standard,predict
rf_n3_d5_inline,rf,inline,3,5,8,renode_nrf52840,renode,dwt,47109,62510,3015,4000,0.6209428310394287,15158,True,,california,regression,index,standard,standard,predict
rf_n10_d3_inline,rf,inline,10,3,8,renode_nrf52840,renode,dwt,124781,130423,7986,8347,0.5678746700286865,12441,True,,california,regression,index,standard,standard,predict
rf_n10_d5_inline,rf,inline,10,5,8,renode_nrf52840,renode,dwt,144625,185186,9256,11851,0.6688593029975891,50772,True,,california,regression,index,standard,standard,predict
rf_n20_d3_inline,rf,inline,20,3,8,renode_nrf52840,renode,dwt,236031,251052,15106,16067,0.5641839504241943,24314,True,,california,regression,index,standard,standard,predict
rf_n20_d5_inline,rf,inline,20,5,8,renode_nrf52840,renode,dwt,273562,358816,17508,22964,0.6825135946273804,98905,True,,california,regression,index,standard,standard,predict
rf_n40_d3_inline,rf,inline,40,3,8,renode_nrf52840,renode,dwt,463437,491084,29660,31429,0.5718680620193481,48472,True,,california,regression,index,standard,standard,predict
rf_n40_d5_inline,rf,inline,40,5,8,renode_nrf52840,renode,dwt,540312,706765,34580,45233,0.6864643096923828,197606,True,,california,regression,index,standard,standard,predict
gbt_n3_d3_inline,gbt,inline,3,3,10,renode_nrf52840,renode,dwt,41484,42106,2655,2694,0.1963539719581604,3612,True,,diabetes,regression,index,standard,standard,predict
gbt_n3_d5_inline,gbt,inline,3,5,10,renode_nrf52840,renode,dwt,50203,58535,3213,3746,0.20354217290878296,14009,True,,diabetes,regression,index,standard,standard,predict
gbt_n10_d3_inline,gbt,inline,10,3,10,renode_nrf52840,renode,dwt,125156,127007,8010,8128,0.39538824558258057,11430,True,,diabetes,regression,index,standard,standard,predict
gbt_n10_d5_inline,gbt,inline,10,5,10,renode_nrf52840,renode,dwt,165656,182849,10602,11702,0.3755045533180237,47850,True,,diabetes,regression,index,standard,standard,predict
gbt_n20_d3_inline,gbt,inline,20,3,10,renode_nrf52840,renode,dwt,244453,248499,15645,15904,0.4616188406944275,22629,True,,diabetes,regression,index,standard,standard,predict
gbt_n20_d5_inline,gbt,inline,20,5,10,renode_nrf52840,renode,dwt,340234,358348,21775,22934,0.41225725412368774,95505,True,,diabetes,regression,index,standard,standard,predict
gbt_n40_d3_inline,gbt,inline,40,3,10,renode_nrf52840,renode,dwt,482640,489911,30889,31354,0.45732587575912476,44588,True,,diabetes,regression,index,standard,standard,predict
gbt_n40_d5_inline,gbt,inline,40,5,10,renode_nrf52840,renode,dwt,679437,708847,43484,45366,0.37253063917160034,177401,True,,diabetes,regression,index,standard,standard,predict
rf_n3_d3_inline,rf,inline,3,3,10,renode_nrf52840,renode,dwt,45078,46635,2885,2984,0.4514158368110657,4039,True,,diabetes,regression,index,standard,standard,predict
rf_n3_d5_inline,rf,inline,3,5,10,renode_nrf52840,renode,dwt,57843,63153,3702,4041,0.3967728614807129,16190,True,,diabetes,regression,index,standard,standard,predict
rf_n10_d3_inline,rf,inline,10,3,10,renode_nrf52840,renode,dwt,128906,130853,8250,8374,0.46592599153518677,12796,True,,diabetes,regression,index,standard,standard,predict
rf_n10_d5_inline,rf,inline,10,5,10,renode_nrf52840,renode,dwt,180000,186266,11520,11921,0.4392040967941284,50248,True,,diabetes,regression,index,standard,standard,predict
rf_n20_d3_inline,rf,inline,20,3,10,renode_nrf52840,renode,dwt,248125,251340,15880,16085,0.47025758028030396,25347,True,,diabetes,regression,index,standard,standard,predict
rf_n20_d5_inline,rf,inline,20,5,10,renode_nrf52840,renode,dwt,340765,360759,21809,23088,0.45568084716796875,99805,True,,diabetes,regression,index,standard,standard,predict
rf_n40_d3_inline,rf,inline,40,3,10,renode_nrf52840,renode,dwt,486484,491200,31135,31436,0.48005151748657227,50348,True,,diabetes,regression,index,standard,standard,predict
rf_n40_d5_inline,rf,inline,40,5,10,renode_nrf52840,renode,dwt,677546,709766,43363,45425,0.48183393478393555,196839,True,,diabetes,regression,index,standard,standard,predict
